Radiologic Technologist Placement,6dc51be3-0f23-40fd-9760-0ba6994903a8,MediCare Innovations,nutrition,90
Registered Nurse Opportunity,eb207601-93c9-4922-8de8-4c8ba272dc17,LifeScience Labs,nutrition,84
Physician Placement,51312b37-21c2-453a-ae5e-409ce9e81efa,BioHealth Therapeutics,nursing,59
Medical Assistant Placement,1634be5e-80a8-484b-8636-eb4ec345dd1e,LifeScience Labs,nutrition,95
Radiologic Technologist Placement,b0097448-0c02-4187-b078-a8c6f4cb3242,HealthPro Solutions,dentistry,58
Medical Laboratory Technician Opportunity,ab059532-9fc2-44c2-ae8d-a8543f8bcbee,BioTech Innovators,dentistry,73
Registered Nurse Opportunity,d49a1ec0-ea61-4fcb-9bcf-5da29c87e730,PharmaLink Solutions,dentistry,94
Pharmacist Placement,f318a08a-ba4f-4334-b805-7033fb60bffa,HealthCare Dynamics,nursing,95
Registered Nurse Opportunity,e7cd935b-bccb-41f8-a392-31ccdcadd790,BioHealth Therapeutics,nutrition,80
Pharmacist Placement,8a60cf8b-ebb8-4b16-ab79-9e36127f5b4c,MediConnect Services,nutrition,78
Medical Laboratory Technician Opportunity,401d769c-0dfc-43f0-952c-2c4ec41148b5,HealthPro Solutions,nutrition,96
Physical Therapist Placement,e3a327f4-4319-44d8-8de3-8b089e5eb00d,BioHealth Therapeutics,surgery,95
Dental Hygienist Opportunity,6ec20633-5237-4ccb-b0d0-8d2fa94fc6ed,PharmaLink Solutions,dentistry,68
Radiologic Technologist Placement,135e734d-1bdc-4c82-9fec-736c02e3d34e,MediTech Systems,dentistry,88
Dental Hygienist Opportunity,1184149e-6299-4b1d-88ce-4e52bb933d4d,BioTech Innovators,surgery,76
