Radiologic Technologist Placement,MediCare Innovations,nutrition,90
Registered Nurse Opportunity,LifeScience Labs,nutrition,84
Physician Placement,BioHealth Therapeutics,nursing,59
Medical Assistant Placement,LifeScience Labs,nutrition,95
Radiologic Technologist Placement,HealthPro Solutions,dentistry,58
Medical Laboratory Technician Opportunity,BioTech Innovators,dentistry,73
Registered Nurse Opportunity,PharmaLink Solutions,dentistry,94
Pharmacist Placement,HealthCare Dynamics,nursing,95
Registered Nurse Opportunity,BioHealth Therapeutics,nutrition,80
Pharmacist Placement,MediConnect Services,nutrition,78
Medical Laboratory Technician Opportunity,HealthPro Solutions,nutrition,96
Physical Therapist Placement,BioHealth Therapeutics,surgery,95
Dental Hygienist Opportunity,PharmaLink Solutions,dentistry,68
Radiologic Technologist Placement,MediTech Systems,dentistry,88
Dental Hygienist Opportunity,BioTech Innovators,surgery,76